DSCF1013.JPG,1217,1706,1690,1891,1
DSCF1013.JPG,1774,2249,1619,1843,2
DSCF1013.JPG,2313,2773,1566,1794,3
DSCF1013.JPG,1284,1781,1832,2063,4
DSCF1013.JPG,1879,2365,1798,2026,5
DSCF1013.JPG,2429,2904,1742,1970,6
DSCF1015.JPG,641,1822,1342,2234,3
DSCF1015.JPG,2053,3175,1022,1757,6
DSCF1016.JPG,1067,2181,1843,2456,4
DSCF1016.JPG,1954,2975,1278,1839,6
DSCF1016.JPG,2392,3356,717,1352,3
DSCF1017.JPG,1834,2623,698,1120,4
DSCF1021.JPG,1991,2914,755,1301,5
DSCF1023.JPG,1909,2694,1166,1618,2
DSCF1025.JPG,985,2237,1570,2280,6
DSCF1029.JPG,129,1400,1648,2381,6
DSCF1029.JPG,1456,2578,1076,1910,2
DSCF1029.JPG,2552,3610,826,1630,1
DSCF1032.JPG,144,1127,1200,1667,5
DSCF1032.JPG,2339,3255,1125,1581,6
DSCF1037.JPG,1210,2679,1712,2355,1
DSCF1038.JPG,1210,2964,1764,2560,2
DSCF1040.JPG,462,1438,1813,2359,2
DSCF1040.JPG,1445,2316,1791,2273,1
DSCF1040.JPG,2305,3090,1779,2242,4
DSCF1042.JPG,2021,3034,1682,2186,5
DSCF1044.JPG,1460,2406,1200,1723,6
DSCF1048.JPG,443,1108,1230,1544,4
DSCF1048.JPG,1498,2163,1181,1476,5
DSCF1048.JPG,2511,3214,1099,1409,3
DSCF1049.JPG,480,1269,998,1386,4
DSCF1049.JPG,1718,2458,1192,1588,5
DSCF1049.JPG,2758,3464,1364,1711,3
DSCF1050.JPG,454,1258,766,1132,5
DSCF1050.JPG,1767,2559,807,1173,3
DSCF1053.JPG,925,1931,1536,2052,1
DSCF1053.JPG,2010,3023,1510,2033,6
DSCF1056.JPG,469,1703,957,1589,2
DSCF1056.JPG,1700,2919,953,1615,6
DSCF1059.JPG,1221,2324,994,1700,2
DSCF1061.JPG,488,1849,1648,2440,6
DSCF1061.JPG,1191,2335,1203,1835,2
DSCF1064.JPG,2399,3210,358,877,3
DSCF1064.JPG,585,1512,740,1319,2
DSCF1065.JPG,705,1516,1031,1337,5
DSCF1065.JPG,2193,2959,908,1214,1
DSCF1066.JPG,1019,1737,1121,1453,1
DSCF1066.JPG,2025,2720,1121,1442,5
DSCF1068.JPG,750,2066,343,844,5
DSCF1068.JPG,2459,3416,1533,2060,1
DSCF1070.JPG,1617,2645,1413,1996,2
DSCF1070.JPG,1528,2406,990,1513,6
DSCF1072.JPG,746,1662,1211,1760,3
DSCF1072.JPG,1905,2873,1465,1999,2
DSCF1074.JPG,1127,2869,1319,2283,2
DSCF1077.JPG,308,1418,1282,1902,6
DSCF1077.JPG,1700,2833,1342,1966,1
DSCF1081.JPG,1475,2189,1282,1678,4
DSCF1082.JPG,996,1953,579,1113,5
DSCF1082.JPG,2118,3064,601,1143,4
DSCF1086.JPG,716,1325,975,1307,4
DSCF1086.JPG,1471,2073,971,1307,2
DSCF1086.JPG,2175,2769,1005,1349,1
DSCF1086.JPG,2878,3480,990,1349,3
DSCF1088.JPG,1232,2021,440,862,5
DSCF1088.JPG,1326,1980,1525,1895,2
DSCF1090.JPG,1920,2593,784,1154,1
DSCF1092.JPG,424,1291,1293,1831,4
DSCF1092.JPG,1636,2526,1521,2037,5
DSCF1092.JPG,2481,3232,1028,1532,3
DSCF1094.JPG,1378,2369,1035,1618,4
DSCF1097.JPG,1326,2481,642,1277,5
DSCF1099.JPG,1112,2226,556,1120,6
DSCF1101.JPG,1015,1931,1072,1576,2
DSCF1103.JPG,1475,2166,541,900,6
DSCF1103.JPG,1168,2017,1880,2396,5
DSCF1104.JPG,1715,2399,493,822,5
DSCF1104.JPG,1632,2406,1783,2209,1
DSCF1105.JPG,1090,2402,1016,1771,2
DSCF1106.JPG,1202,2357,1076,1700,2
DSCF1109.JPG,1053,2231,878,1528,3
DSCF1110.JPG,686,1845,743,1397,3
DSCF1110.JPG,1920,3094,792,1435,1
DSCF1111.JPG,1890,2914,867,1443,6
DSCF1111.JPG,671,1714,874,1457,2
DSCF1114.JPG,1535,2529,1177,1685,6
DSCF1116.JPG,1539,2537,1458,1981,5
DSCF1120.JPG,1236,2560,1274,1980,3
DSCF1122.JPG,1479,2488,949,1491,5
DSCF1125.JPG,978,1632,930,1345,1
DSCF1125.JPG,1198,2013,1394,1876,6
DSCF1125.JPG,2406,3198,1252,1712,2
DSCF1129.JPG,1408,2200,1772,2273,6
DSCF1130.JPG,1516,2271,1708,2179,1
DSCF1132.JPG,2751,3240,1005,1255,1
DSCF1132.JPG,2283,3176,1278,1801,4
DSCF1132.JPG,174,1580,1663,2403,5
DSCF1133.JPG,1352,2492,1192,2033,1
DSCF1135.JPG,1801,2406,1233,1592,6
DSCF1137.JPG,1879,2728,1136,1614,2
DSCF1140.JPG,1722,2511,594,878,6
DSCF1141.JPG,1793,2574,665,941,2
DSCF1142.JPG,914,1800,1200,1588,2
DSCF1142.JPG,2010,2888,1211,1599,1
