DSCF1025_0.jpg,1410,2662,1570,2280,6
DSCF1116_0.jpg,1110,2108,1458,1981,5
DSCF1044_0.jpg,1241,2187,1200,1723,6
DSCF1061_0.jpg,1798,3159,1648,2440,6
DSCF1061_0.jpg,1312,2456,1203,1835,2
DSCF1101_0.jpg,1716,2632,1072,1576,2
DSCF1077_0.jpg,2229,3339,1282,1902,6
DSCF1077_0.jpg,814,1947,1342,1966,1
DSCF1116_1.jpg,1831,3112,1475,2351,5
DSCF1025_1.jpg,1116,2752,1371,2522,6
DSCF1044_1.jpg,1894,3122,1200,2056,6
DSCF1077_1.jpg,648,2093,840,1851,6
DSCF1077_1.jpg,2000,3470,1426,2450,1
DSCF1061_1.jpg,533,2322,1257,2527,6
DSCF1061_1.jpg,1564,3050,1100,2136,2
DSCF1101_1.jpg,1530,2718,909,1736,2
DSCF1116_2.jpg,1260,2442,952,1814,5
DSCF1025_2.jpg,1608,3100,855,1987,6
DSCF1077_2.jpg,2459,3780,334,1328,6
DSCF1077_2.jpg,916,2263,902,1908,1
DSCF1116_3.jpg,331,1682,1328,2421,5
DSCF1044_2.jpg,1361,2486,679,1521,6
DSCF1061_2.jpg,2047,3672,746,1996,6
DSCF1061_2.jpg,1439,2800,583,1601,2
DSCF1025_3.jpg,311,2056,716,2119,6
DSCF1101_2.jpg,1861,2950,395,1208,2
DSCF1077_3.jpg,1372,2910,398,1636,6
DSCF1077_3.jpg,90,1652,1464,2723,1
DSCF1044_3.jpg,686,1992,1415,2466,6
DSCF1061_3.jpg,497,2413,230,1766,6
DSCF1061_3.jpg,642,2221,1137,2408,2
DSCF1101_3.jpg,1233,2496,1147,2164,2
